region,valor_original,n_iniciativas,categoria,comunas_matcheadas(cut),nota
I,Iquique,24,match_directo,Iquique:1101,
I,Alto Hospicio,13,match_directo,Alto Hospicio:1107,
I,Iquique;Alto Hospicio,7,multi_completo,Iquique:1101; Alto Hospicio:1107,
I,Colchane,6,match_directo,Colchane:1403,
I,Pica,3,match_directo,Pica:1405,
I,Pozo Almonte,2,match_directo,Pozo Almonte:1401,
I,Huara,2,match_directo,Huara:1404,
I,Camiña,2,match_directo,Camiña:1402,
I,Alto Hospicio;Iquique;Pica,1,multi_completo,Alto Hospicio:1107; Iquique:1101; Pica:1405,
I,Colchane;Camiña;Huara,1,multi_completo,Colchane:1403; Camiña:1402; Huara:1404,
I,Camiña;Colchane,1,multi_completo,Camiña:1402; Colchane:1403,
I,Huara;Pozo Almonte;Pica,1,multi_completo,Huara:1404; Pozo Almonte:1401; Pica:1405,
I,Huara;Colchane,1,multi_completo,Huara:1404; Colchane:1403,
II,Regional,70,bucket_regional,,"sin comuna específica → bucket ""Alcance regional"""
II,Antofagasta,50,match_directo,Antofagasta:2101,
II,ANTOFAGASTA,35,match_directo,Antofagasta:2101,
II,Calama,19,match_directo,Calama:2201,
II,San Pedro de Atacama,17,match_directo,San Pedro de Atacama:2203,
II,CALAMA,16,match_directo,Calama:2201,
II,Tocopilla,10,match_directo,Tocopilla:2301,
II,SAN PEDRO DE ATACAMA,8,match_directo,San Pedro de Atacama:2203,
II,Taltal,7,match_directo,Taltal:2104,
II,TALTAL,7,match_directo,Taltal:2104,
II,Mejillones,6,match_directo,Mejillones:2102,
II,Alcance regional,4,bucket_regional,,"sin comuna específica → bucket ""Alcance regional"""
II,MEJILLONES,4,match_directo,Mejillones:2102,
II,TOCOPILLA,4,match_directo,Tocopilla:2301,
II,Ollagüe,4,match_directo,Ollagüe:2202,
II,REGIONAL,3,bucket_regional,,"sin comuna específica → bucket ""Alcance regional"""
II,Maria Elena,3,match_directo,María Elena:2302,
II,OLLAGUE,3,match_directo,Ollagüe:2202,
II,MARIA ELENA,3,match_directo,María Elena:2302,
II,Antofagasta;Tocopilla,2,multi_completo,Antofagasta:2101; Tocopilla:2301,
II,"Alcance regional (Sólo en comunas de Antofagasta, Calama y Tocopilla)",2,multi_completo,Antofagasta:2101; Calama:2201; Tocopilla:2301,extraído de paréntesis; 
II,"Antofagasta, Copiapó, Caldera, Chañaral,Taltal",2,multi_completo,Antofagasta:2101; Copiapó:3101; Caldera:3102; Chañaral:3201; Taltal:2104,Copiapó: OTRA REGIÓN (codregion 3); Caldera: OTRA REGIÓN (codregion 3); Chañaral: OTRA REGIÓN (codregion 3)
II,calama,2,match_directo,Calama:2201,
II,"Pozo Almonte, Sierra Gorda, María Elena",2,multi_completo,Pozo Almonte:1401; Sierra Gorda:2103; María Elena:2302,Pozo Almonte: OTRA REGIÓN (codregion 1)
II,Region de Antofagasta,2,bucket_regional,,"sin comuna específica → bucket ""Alcance regional"""
II,"Antofagasta, Caldera",2,multi_completo,Antofagasta:2101; Caldera:3102,Caldera: OTRA REGIÓN (codregion 3)
II,"Sierra Gorda, Calama",2,multi_completo,Sierra Gorda:2103; Calama:2201,
II,"Alcance regional (Sólo en comunas Antofagasta, Calama, Tocopilla y San Pedro de Atacama)",1,multi_completo,Antofagasta:2101; Calama:2201; Tocopilla:2301; San Pedro de Atacama:2203,extraído de paréntesis; 
II,Antofagasta;Calama;Tocopilla,1,multi_completo,Antofagasta:2101; Calama:2201; Tocopilla:2301,
II,Calama-Tocopilla,1,multi_completo,Calama:2201; Tocopilla:2301,
II,Taltal-Antofagasta,1,multi_completo,Taltal:2104; Antofagasta:2101,
II,"Antofagasta, Calama, Taltal, Tocopilla, María Elena, San Pedro de Atacama",1,multi_completo,Antofagasta:2101; Calama:2201; Taltal:2104; Tocopilla:2301; María Elena:2302; San Pedro de Atacama:2203,
II,Antofgagasta,1,match_fuzzy_alias,Antofagasta:2101,
II,Alcance regional (Sólo en comunas de Antofagasta y Calama),1,multi_completo,Antofagasta:2101; Calama:2201,extraído de paréntesis; 
II,"Alcance regional (En todas las comunas de la región a excepción de Antofagasta, Mejillones y Taltal)",1,bucket_regional,,"sin comuna específica → bucket ""Alcance regional"""
II,Calama;Antofagasta,1,multi_completo,Calama:2201; Antofagasta:2101,
II,Calama;San Pedro de Atacama,1,multi_completo,Calama:2201; San Pedro de Atacama:2203,
II,"Antofagasta, Calama, Tocopilla",1,multi_completo,Antofagasta:2101; Calama:2201; Tocopilla:2301,
II,"Alcance regional (Sólo en Antofagasta, Calama y Tocopilla)",1,multi_completo,Antofagasta:2101; Calama:2201; Tocopilla:2301,extraído de paréntesis; 
II,"Antofagasta, Calama",1,multi_completo,Antofagasta:2101; Calama:2201,
II,Sierra Gorda,1,match_directo,Sierra Gorda:2103,
II,"Antofagasta, Calama, Taltal, Tocopilla, María Elena, San Pedro de Atacama, Mejillones",1,multi_completo,Antofagasta:2101; Calama:2201; Taltal:2104; Tocopilla:2301; María Elena:2302; San Pedro de Atacama:2203; Mejillones:2102,
II,"Antofagasta, Calama, Taltal, Tocopilla, María Elena, Mejillones",1,multi_completo,Antofagasta:2101; Calama:2201; Taltal:2104; Tocopilla:2301; María Elena:2302; Mejillones:2102,
II,Alcance regional (En todas las comunas de la región a excepción de Mejillones y Taltal),1,bucket_regional,,"sin comuna específica → bucket ""Alcance regional"""
II,"Antofagasta, Mejillones, Tocopilla y Taltal",1,multi_completo,Antofagasta:2101; Mejillones:2102; Tocopilla:2301; Taltal:2104,
II,tocopilla,1,match_directo,Tocopilla:2301,
II,Alto Hospicio,1,match_directo,Alto Hospicio:1107,OTRA REGIÓN (codregion 1)
II,Antofagasta y Calama,1,multi_completo,Antofagasta:2101; Calama:2201,
II,Calama-Antofagasta-Mejillones,1,multi_completo,Calama:2201; Antofagasta:2101; Mejillones:2102,
II,SIERRA GORDA,1,match_directo,Sierra Gorda:2103,
II,Taltal;Antofagasta,1,multi_completo,Taltal:2104; Antofagasta:2101,
II,Antofagasta;Calama,1,multi_completo,Antofagasta:2101; Calama:2201,
III,Copiapó,112,match_directo,Copiapó:3101,
III,Huasco,52,match_directo,Huasco:3304,
III,Tierra Amarilla,38,match_directo,Tierra Amarilla:3103,
III,Vallenar,36,match_directo,Vallenar:3301,
III,Freirina,28,match_directo,Freirina:3303,
III,Diego de Almagro,24,match_directo,Diego de Almagro:3202,
III,Alto del Carmen,22,match_directo,Alto del Carmen:3302,
III,Chañaral,20,match_directo,Chañaral:3201,
III,Caldera,17,match_directo,Caldera:3102,
IV,Regional,17,bucket_regional,,"sin comuna específica → bucket ""Alcance regional"""
IV,Coquimbo,16,match_directo,Coquimbo:4102,
IV,La Serena,12,match_directo,La Serena:4101,
IV,COQUIMBO,11,match_directo,Coquimbo:4102,
IV,Ovalle,6,match_directo,Ovalle:4301,
IV,Los Vilos,6,match_directo,Los Vilos:4203,
IV,Combarbalá,4,match_directo,Combarbalá:4302,
IV,OVALLE,3,match_directo,Ovalle:4301,
IV,Monte Patria,3,match_directo,Monte Patria:4303,
IV,Vicuña,3,match_directo,Vicuña:4106,
IV,LA SERENA,3,match_directo,La Serena:4101,
IV,La Higuera,2,match_directo,La Higuera:4104,
IV,PAIHUANO,2,match_directo,Paihuano:4105,
IV,Andacollo,2,match_directo,Andacollo:4103,
IV,SALAMANCA,2,match_directo,Salamanca:4204,
IV,Illapel,2,match_directo,Illapel:4201,
IV,Montepatria,2,match_fuzzy_alias,Monte Patria:4303,
IV,Canela,2,match_directo,Canela:4202,
IV,Salamanca,2,match_directo,Salamanca:4204,
IV,Punitaqui,1,match_directo,Punitaqui:4304,
IV,Ovalle;Río Hurtado,1,multi_completo,Ovalle:4301; Río Hurtado:4305,
IV,LA HIGUERA,1,match_directo,La Higuera:4104,
IV,LOS VILOS,1,match_directo,Los Vilos:4203,
IV,Paihuano,1,match_directo,Paihuano:4105,
IV,VICUÑA,1,match_directo,Vicuña:4106,
IV,MONTE PATRIA,1,match_directo,Monte Patria:4303,
IV,ANDACOLLO,1,match_directo,Andacollo:4103,
IX,Temuco,52,match_directo,Temuco:9101,
IX,Padre las Casas,23,match_directo,Padre Las Casas:9112,
IX,Villarrica,21,match_directo,Villarrica:9120,
IX,Nueva Imperial,17,match_directo,Nueva Imperial:9111,
IX,Vilcún,17,match_directo,Vilcún:9119,
IX,Saavedra,15,match_directo,Saavedra:9116,
IX,Carahue,15,match_directo,Carahue:9102,
IX,Angol,14,match_directo,Angol:9201,
IX,Lautaro,14,match_directo,Lautaro:9108,
IX,Collipulli,13,match_directo,Collipulli:9202,
IX,Loncoche,12,match_directo,Loncoche:9109,
IX,Victoria,12,match_directo,Victoria:9211,
IX,Tolten,11,match_directo,Toltén:9118,
IX,Curacautín,10,match_directo,Curacautín:9203,
IX,Freire,10,match_directo,Freire:9105,
IX,Traiguen,10,match_directo,Traiguén:9210,
IX,Lonquimay,10,match_directo,Lonquimay:9205,
IX,Teodoro Schmidt,7,match_directo,Teodoro Schmidt:9117,
IX,Lumaco,7,match_directo,Lumaco:9207,
IX,Pitrufquén,7,match_directo,Pitrufquén:9114,
IX,Los Sauces,6,match_directo,Los Sauces:9206,
IX,Puren,6,match_directo,Purén:9208,
IX,Gorbea,5,match_directo,Gorbea:9107,
IX,Cunco,5,match_directo,Cunco:9103,
IX,Melipeuco,5,match_directo,Melipeuco:9110,
IX,Renaico,4,match_directo,Renaico:9209,
IX,Ercilla,4,match_directo,Ercilla:9204,
IX,Galvarino,4,match_directo,Galvarino:9106,
IX,Pucón,3,match_directo,Pucón:9115,
IX,Curarrehue,3,match_directo,Curarrehue:9104,
IX,Perquenco,3,match_directo,Perquenco:9113,
IX,Cholchol,2,match_directo,Cholchol:9121,
IX,Chol Chol,1,match_fuzzy_alias,Cholchol:9121,
IX,Toltén,1,match_directo,Toltén:9118,
IX,Lican Ray,1,match_fuzzy_alias,Villarrica:9120,
RM,Santiago,35,match_directo,Santiago:13101,
RM,SANTIAGO,29,match_directo,Santiago:13101,
RM,Melipilla,28,match_directo,Melipilla:13501,
RM,Intercomunal,28,bucket_regional,,"sin comuna específica → bucket ""Alcance regional"""
RM,QUINTA NORMAL,26,match_directo,Quinta Normal:13126,
RM,ÑUÑOA,22,match_directo,Ñuñoa:13120,
RM,La Pintana,19,match_directo,La Pintana:13112,
RM,SAN MIGUEL,19,match_directo,San Miguel:13130,
RM,Estacion Central,18,match_directo,Estación Central:13106,
RM,PUENTE ALTO,18,match_directo,Puente Alto:13201,
RM,Pudahuel,17,match_directo,Pudahuel:13124,
RM,MELIPILLA,17,match_directo,Melipilla:13501,
RM,RENCA,17,match_directo,Renca:13128,
RM,CERRILLOS,16,match_directo,Cerrillos:13102,
RM,Region Metropolitana De Santiago,16,bucket_regional,,"sin comuna específica → bucket ""Alcance regional"""
RM,Regional,16,bucket_regional,,"sin comuna específica → bucket ""Alcance regional"""
RM,Colina,16,match_directo,Colina:13301,
RM,El Bosque,15,match_directo,El Bosque:13105,
RM,Puente Alto,15,match_directo,Puente Alto:13201,
RM,Lampa,14,match_directo,Lampa:13302,
RM,Padre Hurtado,14,match_directo,Padre Hurtado:13604,
RM,SAN BERNARDO,13,match_directo,San Bernardo:13401,
RM,Paine,13,match_directo,Paine:13404,
RM,San Bernardo,12,match_directo,San Bernardo:13401,
RM,PROVIDENCIA,12,match_directo,Providencia:13123,
RM,EL BOSQUE,12,match_directo,El Bosque:13105,
RM,Renca,12,match_directo,Renca:13128,
RM,Peñalolen,11,match_directo,Peñalolén:13122,
RM,Providencia,11,match_directo,Providencia:13123,
RM,San Miguel,10,match_directo,San Miguel:13130,
RM,PEDRO AGUIRRE CERDA,10,match_directo,Pedro Aguirre Cerda:13121,
RM,LA PINTANA,10,match_directo,La Pintana:13112,
RM,Cerro Navia,10,match_directo,Cerro Navia:13103,
RM,LA GRANJA,10,match_directo,La Granja:13111,
RM,MACUL,10,match_directo,Macul:13118,
RM,LA FLORIDA,10,match_directo,La Florida:13110,
RM,Buin,9,match_directo,Buin:13402,
RM,RECOLETA,9,match_directo,Recoleta:13127,
RM,Cerrillos,9,match_directo,Cerrillos:13102,
RM,Macul,9,match_directo,Macul:13118,
RM,PADRE HURTADO,9,match_directo,Padre Hurtado:13604,
RM,Ñuñoa,8,match_directo,Ñuñoa:13120,
RM,Peñaflor,8,match_directo,Peñaflor:13605,
RM,SAN JOAQUIN,8,match_directo,San Joaquín:13129,
RM,INDEPENDENCIA,8,match_directo,Independencia:13108,
RM,LA REINA,8,match_directo,La Reina:13113,
RM,ESTACIÓN CENTRAL,8,match_directo,Estación Central:13106,
RM,PEÑALOLEN,8,match_directo,Peñalolén:13122,
RM,LO ESPEJO,8,match_directo,Lo Espejo:13116,
RM,MAIPU,8,match_directo,Maipú:13119,
RM,La Reina,7,match_directo,La Reina:13113,
RM,Lo Espejo,7,match_directo,Lo Espejo:13116,
RM,PUDAHUEL,7,match_directo,Pudahuel:13124,
RM,Maipu,7,match_directo,Maipú:13119,
RM,Talagante,7,match_directo,Talagante:13601,
RM,Pedro Aguirre Cerda,7,match_directo,Pedro Aguirre Cerda:13121,
RM,Pedro A. Cerda,7,match_fuzzy_alias,Pedro Aguirre Cerda:13121,
RM,ESTACION CENTRAL,7,match_directo,Estación Central:13106,
RM,PEDRO A CERDA,6,match_fuzzy_alias,Pedro Aguirre Cerda:13121,
RM,San Joaquín,6,match_directo,San Joaquín:13129,
RM,BUIN,6,match_directo,Buin:13402,
RM,PAINE,6,match_directo,Paine:13404,
RM,La Granja,6,match_directo,La Granja:13111,
RM,Peñalolén,6,match_directo,Peñalolén:13122,
RM,Pirque,6,match_directo,Pirque:13202,
RM,QUILICURA,5,match_directo,Quilicura:13125,
RM,La Florida,5,match_directo,La Florida:13110,
RM,Lo Prado,5,match_directo,Lo Prado:13117,
RM,LAMPA,5,match_directo,Lampa:13302,
RM,CERRO NAVIA,5,match_directo,Cerro Navia:13103,
RM,Provincia De Santiago,5,bucket_regional,,"sin comuna específica → bucket ""Alcance regional"""
RM,"Santiago, Cerrillos, Cerro Navia, Conchali, El Bosque, Estacion Central, Huechuraba, Independencia, La Cisterna, La Florida, La Granja, La Pintana, La Reina, Las Condes, Lo Barnechea, Lo Espejo, Lo Prado, Macul, Maipu, ¿U¿Oa, Pedro Aguirre Cerda, Pe¿Alolen, Providencia, Pudahuel, Quilicura, Quinta Normal, Recoleta, Renca, San Joaquin, San Miguel, San Ramon, Vitacura, Puente Alto, Pirque, San Jose De Maipo, Colina, Lampa, Til Til, San Bernardo, Buin, Calera De Tango, Paine, Melipilla, Alhue, Curacavi, Maria Pinto, San Pedro, Talagante, El Monte, Isla De Maipo, Padre Hurtado, Pe¿Aflor",5,multi_completo,Santiago:13101; Cerrillos:13102; Cerro Navia:13103; Conchalí:13104; El Bosque:13105; Estación Central:13106; Huechuraba:13107; Independencia:13108; La Cisterna:13109; La Florida:13110; La Granja:13111; La Pintana:13112; La Reina:13113; Las Condes:13114; Lo Barnechea:13115; Lo Espejo:13116; Lo Prado:13117; Macul:13118; Maipú:13119; Ñuñoa:13120; Pedro Aguirre Cerda:13121; Peñalolén:13122; Providencia:13123; Pudahuel:13124; Quilicura:13125; Quinta Normal:13126; Recoleta:13127; Renca:13128; San Joaquín:13129; San Miguel:13130; San Ramón:13131; Vitacura:13132; Puente Alto:13201; Pirque:13202; San José de Maipo:13203; Colina:13301; Lampa:13302; Tiltil:13303; San Bernardo:13401; Buin:13402; Calera de Tango:13403; Paine:13404; Melipilla:13501; Alhué:13502; Curacaví:13503; María Pinto:13504; San Pedro:13505; Talagante:13601; El Monte:13602; Isla de Maipo:13603; Padre Hurtado:13604; Peñaflor:13605,
RM,HUECHURABA,5,match_directo,Huechuraba:13107,
RM,Til Til,5,match_fuzzy_alias,Tiltil:13303,
RM,LA CISTERNA,4,match_directo,La Cisterna:13109,
RM,Maria Pinto,4,match_directo,María Pinto:13504,
RM,SAN PEDRO,4,match_directo,San Pedro:13505,
RM,ISLA DE MAIPO,4,match_directo,Isla de Maipo:13603,
RM,San Jose De Maipo,4,match_directo,San José de Maipo:13203,
RM,TIL TIL,4,match_fuzzy_alias,Tiltil:13303,
RM,Curacavi,4,match_directo,Curacaví:13503,
RM,Tiltil,4,match_directo,Tiltil:13303,
RM,MAIPÚ,4,match_directo,Maipú:13119,
RM,SAN RAMON,4,match_directo,San Ramón:13131,
RM,PEÑAFLOR,4,match_directo,Peñaflor:13605,
RM,Huechuraba,4,match_directo,Huechuraba:13107,
RM,COLINA,4,match_directo,Colina:13301,
RM,TALAGANTE,4,match_directo,Talagante:13601,
RM,Maipú,4,match_directo,Maipú:13119,
RM,Conchali,4,match_directo,Conchalí:13104,
RM,Independencia,4,match_directo,Independencia:13108,
RM,Alhué,3,match_directo,Alhué:13502,
RM,MARÍA PINTO,3,match_directo,María Pinto:13504,
RM,Metropolitana,3,bucket_regional,,"sin comuna específica → bucket ""Alcance regional"""
RM,Lo Barnechea,3,match_directo,Lo Barnechea:13115,
RM,San Pedro,3,match_directo,San Pedro:13505,
RM,CONCHALI,3,match_directo,Conchalí:13104,
RM,Recoleta,3,match_directo,Recoleta:13127,
RM,Gran Santiago,3,bucket_regional,,"sin comuna específica → bucket ""Alcance regional"""
RM,Isla De Maipo,3,match_directo,Isla de Maipo:13603,
RM,El Monte,3,match_directo,El Monte:13602,
RM,Alhue,3,match_directo,Alhué:13502,
RM,Calera De Tango,3,match_directo,Calera de Tango:13403,
RM,Pe¿Aflor,2,match_directo,Peñaflor:13605,
RM,"Colina, Lampa, Til Til",2,multi_completo,Colina:13301; Lampa:13302; Tiltil:13303,
RM,Quinta Normal,2,match_directo,Quinta Normal:13126,
RM,Isla de Maipo,2,match_directo,Isla de Maipo:13603,
RM,PEÑALOLÉN,2,match_directo,Peñalolén:13122,
RM,CONCHALÍ,2,match_directo,Conchalí:13104,
RM,PIRQUE,2,match_directo,Pirque:13202,
RM,Calera de Tango,2,match_directo,Calera de Tango:13403,
RM,LO PRADO,2,match_directo,Lo Prado:13117,
RM,LAS CONDES,2,match_directo,Las Condes:13114,
RM,CALERA DE TANGO,2,match_directo,Calera de Tango:13403,
RM,SAN JOAQUÍN,2,match_directo,San Joaquín:13129,
RM,LO BARNECHEA,2,match_directo,Lo Barnechea:13115,
RM,Conchalí,2,match_directo,Conchalí:13104,
RM,"Buin, Paine",2,multi_completo,Buin:13402; Paine:13404,
RM,SAN JOSE DE MAIPO,2,match_directo,San José de Maipo:13203,
RM,MARIA PINTO,2,match_directo,María Pinto:13504,
RM,Comunas rurales RM,2,bucket_regional,,"sin comuna específica → bucket ""Alcance regional"""
RM,Estación Central,2,match_directo,Estación Central:13106,
RM,Pe¿Alolen,1,match_directo,Peñalolén:13122,
RM,"Lampa, Til Til",1,multi_completo,Lampa:13302; Tiltil:13303,
RM,"MARIA PINTO, CURACAVI, POIRQUE, EL MONTE, TALAGANTE",1,multi_completo,María Pinto:13504; Curacaví:13503; Pirque:13202; El Monte:13602; Talagante:13601,
RM,"Paine, Talagante",1,multi_completo,Paine:13404; Talagante:13601,
RM,"Buin, Calera De Tango, Paine, Talagante, El Monte, Isla De Maipo, Padre Hurtado, Pe¿Aflor",1,multi_completo,Buin:13402; Calera de Tango:13403; Paine:13404; Talagante:13601; El Monte:13602; Isla de Maipo:13603; Padre Hurtado:13604; Peñaflor:13605,
RM,"San Bernardo, Buin, Calera De Tango, Paine",1,multi_completo,San Bernardo:13401; Buin:13402; Calera de Tango:13403; Paine:13404,
RM,Conchalí;Estación Central;Quinta Normal,1,multi_completo,Conchalí:13104; Estación Central:13106; Quinta Normal:13126,
RM,SAN RAMÓN,1,match_directo,San Ramón:13131,
RM,"Conchali, Huechuraba, Pudahuel, Quilicura, Recoleta, Colina, Lampa",1,multi_completo,Conchalí:13104; Huechuraba:13107; Pudahuel:13124; Quilicura:13125; Recoleta:13127; Colina:13301; Lampa:13302,
RM,Santiago San Joaquín San Bernardo,1,multi_completo,Santiago:13101; San Joaquín:13129; San Bernardo:13401,
RM,La Cisterna,1,match_directo,La Cisterna:13109,
RM,"Quilicura, Pudahuel, San Bernardo, Lampa",1,multi_completo,Quilicura:13125; Pudahuel:13124; San Bernardo:13401; Lampa:13302,
RM,"PIRQUE, MELIPILLA, BUIN, MARÍA PINTO",1,multi_completo,Pirque:13202; Melipilla:13501; Buin:13402; María Pinto:13504,
RM,BARNECHEA,1,match_fuzzy_alias,Lo Barnechea:13115,
RM,San Ramón,1,match_directo,San Ramón:13131,
RM,Comunas Rurales,1,bucket_regional,,"sin comuna específica → bucket ""Alcance regional"""
RM,"Pirque, Til Til, Isla De Maipo",1,multi_completo,Pirque:13202; Tiltil:13303; Isla de Maipo:13603,
RM,Comunas Rurales RM,1,bucket_regional,,"sin comuna específica → bucket ""Alcance regional"""
RM,"Colina, Til Til",1,multi_completo,Colina:13301; Tiltil:13303,
RM,El Bosque;San Joaquín,1,multi_completo,El Bosque:13105; San Joaquín:13129,
RM,Pedro A Cerda,1,match_fuzzy_alias,Pedro Aguirre Cerda:13121,
RM,"Puente Alto, Maipú, La Pintana, El Bosque",1,multi_completo,Puente Alto:13201; Maipú:13119; La Pintana:13112; El Bosque:13105,
RM,"Colina, Lampa",1,multi_completo,Colina:13301; Lampa:13302,
RM,Curacaví,1,match_directo,Curacaví:13503,
RM,Quilicura,1,match_directo,Quilicura:13125,
RM,"Santiago, San Joaquin, San Miguel",1,multi_completo,Santiago:13101; San Joaquín:13129; San Miguel:13130,
RM,"Buin, Paine, San José de Maipo",1,multi_completo,Buin:13402; Paine:13404; San José de Maipo:13203,
RM,Lo Prado;E.Central;Quinta Normal;Pudahuel,1,multi_completo,Lo Prado:13117; Estación Central:13106; Quinta Normal:13126; Pudahuel:13124,
RM,"Melipilla, Maria Pinto",1,multi_completo,Melipilla:13501; María Pinto:13504,
RM,Quilicura;Talagante;Peñaflor,1,multi_completo,Quilicura:13125; Talagante:13601; Peñaflor:13605,
RM,Puente Alto-La Pintana,1,multi_completo,Puente Alto:13201; La Pintana:13112,
RM,Maipú y Cerrillos,1,multi_completo,Maipú:13119; Cerrillos:13102,
RM,EL MONTE,1,match_directo,El Monte:13602,
RM,Peñaflor-Melipilla-El Monte,1,multi_completo,Peñaflor:13605; Melipilla:13501; El Monte:13602,
RM,"Quilicura, Lampa",1,multi_completo,Quilicura:13125; Lampa:13302,
RM,San Joaquin,1,match_directo,San Joaquín:13129,
RM,"Pirque, San Jose De Maipo",1,multi_completo,Pirque:13202; San José de Maipo:13203,
RM,"PAINE, BUIN, SAN BERNARDO",1,multi_completo,Paine:13404; Buin:13402; San Bernardo:13401,
RM,La Pintana;El Bosque;San Bernardo,1,multi_completo,La Pintana:13112; El Bosque:13105; San Bernardo:13401,
RM,"San Bernardo, Calera De Tango",1,multi_completo,San Bernardo:13401; Calera de Tango:13403,
RM,"Paine, Melipilla",1,multi_completo,Paine:13404; Melipilla:13501,
RM,"Puente Alto, San Bernardo",1,multi_completo,Puente Alto:13201; San Bernardo:13401,
RM,Las Condes-Ñuñoa-Puente Alto-Macul-Providencia-La Florida-Peñalolén,1,multi_completo,Las Condes:13114; Ñuñoa:13120; Puente Alto:13201; Macul:13118; Providencia:13123; La Florida:13110; Peñalolén:13122,
RM,"Til Til, Colina",1,multi_completo,Tiltil:13303; Colina:13301,
RM,Barnechea,1,match_fuzzy_alias,Lo Barnechea:13115,
RM,"Colina, Lampa, Til Til, Melipilla, Alhue, Curacavi, El Monte, Isla De Maipo, Padre Hurtado",1,multi_completo,Colina:13301; Lampa:13302; Tiltil:13303; Melipilla:13501; Alhué:13502; Curacaví:13503; El Monte:13602; Isla de Maipo:13603; Padre Hurtado:13604,
RM,"Santiago, Cerrillos, Puente Alto, San Jose De Maipo, Colina, Til Til",1,multi_completo,Santiago:13101; Cerrillos:13102; Puente Alto:13201; San José de Maipo:13203; Colina:13301; Tiltil:13303,
RM,María Pinto,1,match_directo,María Pinto:13504,
RM,VITACURA,1,match_directo,Vitacura:13132,
V,Valparaíso,87,match_directo,Valparaíso:5101,
V,Viña del Mar,61,match_directo,Viña del Mar:5109,
V,San Antonio,41,match_directo,San Antonio:5601,
V,Villa Alemana,29,match_directo,Villa Alemana:5804,
V,San Felipe,22,match_directo,San Felipe:5701,
V,Quilpue,21,match_directo,Quilpué:5801,
V,Los Andes,19,match_directo,Los Andes:5301,
V,La Calera,18,match_fuzzy_alias,Calera:5502,
V,Quillota,17,match_directo,Quillota:5501,
V,Puchuncavi,17,match_directo,Puchuncaví:5105,
V,Olmue,16,match_directo,Olmué:5803,
V,Llay Llay,15,match_fuzzy_alias,Llaillay:5703,
V,Regional,15,bucket_regional,,"sin comuna específica → bucket ""Alcance regional"""
V,La Ligua,14,match_directo,La Ligua:5401,
V,Limache,13,match_directo,Limache:5802,
V,Concon,13,match_directo,Concón:5103,
V,Panquehue,12,match_directo,Panquehue:5704,
V,Isla de Pascua,12,match_directo,Isla de Pascua:5201,
V,Algarrobo,12,match_directo,Algarrobo:5602,
V,El Tabo,11,match_directo,El Tabo:5605,
V,El Quisco,11,match_directo,El Quisco:5604,
V,Putaendo,10,match_directo,Putaendo:5705,
V,Petorca,10,match_directo,Petorca:5404,
V,Quintero,10,match_directo,Quintero:5107,
V,Cartagena,10,match_directo,Cartagena:5603,
V,Casablanca,8,match_directo,Casablanca:5102,
V,Catemu,8,match_directo,Catemu:5702,
V,Zapallar,7,match_directo,Zapallar:5405,
V,Hijuelas,6,match_directo,Hijuelas:5503,
V,Quilpué,6,match_directo,Quilpué:5801,
V,Nogales,6,match_directo,Nogales:5506,
V,Santo Domingo,6,match_directo,Santo Domingo:5606,
V,San Esteban,6,match_directo,San Esteban:5304,
V,Santa Maria,6,match_directo,Santa María:5706,
V,Todas,6,bucket_regional,,"sin comuna específica → bucket ""Alcance regional"""
V,Rinconada,5,match_directo,Rinconada:5303,
V,Cabildo,5,match_directo,Cabildo:5402,
V,Juan Fernandez,5,match_directo,Juan Fernández:5104,
V,Calle Larga,4,match_directo,Calle Larga:5302,
V,Papudo,4,match_directo,Papudo:5403,
V,La Cruz,3,match_directo,La Cruz:5504,
V,Cobertura Regional,2,bucket_regional,,"sin comuna específica → bucket ""Alcance regional"""
V,San Felipe Llay-llay Catemu Panquehue Putaendo Santa María los Andes Calle Larga Rinconada San Esteban,1,multi_parcial,San Felipe:5701; Catemu:5702; Panquehue:5704; Putaendo:5705; Santa María:5706; Los Andes:5301; Calle Larga:5302; Rinconada:5303; San Esteban:5304,sin match: llay | llay
V,Concón,1,match_directo,Concón:5103,
V,Olmué,1,match_directo,Olmué:5803,
V,Con con,1,match_fuzzy_alias,Concón:5103,
V,Intercomunal,1,bucket_regional,,"sin comuna específica → bucket ""Alcance regional"""
V,Quilpué - Villa Alemana,1,multi_completo,Quilpué:5801; Villa Alemana:5804,
V,Juan Fernández,1,match_directo,Juan Fernández:5104,
V,Valparaíso Viña del Mar Quilpué Villa Alemana Concón Otras en Evaluación.,1,multi_parcial,Valparaíso:5101; Viña del Mar:5109; Quilpué:5801; Villa Alemana:5804; Concón:5103,sobran: otras en evaluacion
V,Sin Información,1,bucket_regional,,"sin comuna específica → bucket ""Alcance regional"""
V,Puchuncaví,1,match_directo,Puchuncaví:5105,
VI,Rancagua,115,match_directo,Rancagua:6101,
VI,Varias,44,bucket_regional,,"sin comuna específica → bucket ""Alcance regional"""
VI,San Fernando,36,match_directo,San Fernando:6301,
VI,Rengo,35,match_directo,Rengo:6115,
VI,Santa Cruz,35,match_directo,Santa Cruz:6310,
VI,Pichidegua,26,match_directo,Pichidegua:6113,
VI,Chimbarongo,21,match_directo,Chimbarongo:6303,
VI,San Vicente,20,match_directo,San Vicente:6117,
VI,Mostazal,20,match_directo,Mostazal:6110,
VI,Quinta De Tilcoco,20,match_directo,Quinta de Tilcoco:6114,
VI,Lolol,19,match_directo,Lolol:6304,
VI,Olivar,18,match_directo,Olivar:6111,
VI,Peralillo,18,match_directo,Peralillo:6307,
VI,Machali,16,match_directo,Machalí:6108,
VI,Graneros,16,match_directo,Graneros:6106,
VI,Pichilemu,16,match_directo,Pichilemu:6201,
VI,Machalí,16,match_directo,Machalí:6108,
VI,Malloa,15,match_directo,Malloa:6109,
VI,Palmilla,15,match_directo,Palmilla:6306,
VI,Codegua,15,match_directo,Codegua:6102,
VI,Litueche,15,match_directo,Litueche:6203,
VI,Nancagua,15,match_directo,Nancagua:6305,
VI,Las Cabras,14,match_directo,Las Cabras:6107,
VI,Marchigue,14,match_directo,Marchigüe:6204,
VI,Peumo,14,match_directo,Peumo:6112,
VI,Navidad,14,match_directo,Navidad:6205,
VI,Paredones,13,match_directo,Paredones:6206,
VI,Coltauco,13,match_directo,Coltauco:6104,
VI,La Estrella,12,match_directo,La Estrella:6202,
VI,Requinoa,12,match_directo,Requínoa:6116,
VI,Placilla,10,match_directo,Placilla:6308,
VI,Regional,9,bucket_regional,,"sin comuna específica → bucket ""Alcance regional"""
VI,Doñihue,8,match_directo,Doñihue:6105,
VI,Requínoa,8,match_directo,Requínoa:6116,
VI,Chepica,8,match_directo,Chépica:6302,
VI,Chépica,7,match_directo,Chépica:6302,
VI,Pumanque,5,match_directo,Pumanque:6309,
VI,Coinco,5,match_directo,Coinco:6103,
VI,Alcance regional,5,bucket_regional,,"sin comuna específica → bucket ""Alcance regional"""
VI,varias,5,bucket_regional,,"sin comuna específica → bucket ""Alcance regional"""
VI,Marchihue,4,match_fuzzy_alias,Marchigüe:6204,fuzzy
VI,Marchigüe,4,match_directo,Marchigüe:6204,
VI,San Vicente De Tagua Tagua,4,match_fuzzy_alias,San Vicente:6117,
VI,Quinta de Tilcoco,2,match_directo,Quinta de Tilcoco:6114,
VI,Peumanque,2,match_fuzzy_alias,Pumanque:6309,
VI,San Francisco de Mostazal,2,match_fuzzy_alias,Mostazal:6110,
VI,Alcance Regional,2,bucket_regional,,"sin comuna específica → bucket ""Alcance regional"""
VI,Donihue,2,match_directo,Doñihue:6105,
VI,Quinta Tilcoco,2,match_fuzzy_alias,Quinta de Tilcoco:6114,
VI,Chimborongo,2,match_fuzzy_alias,Chimbarongo:6303,
VI,"Rancagua Codegua Coinco Coltauco Doñihue Graneros Las Cabras Machalí Malloa Mostazal Olivar Peumo Pichidegua Quinta de Tilcoco Rengo Requínoa San Vicente de Tagua Tagua San Fernando  Chépica Chimbarongo Lolol Nancagua Palmilla Peralillo Placilla Pumanque Santa Cruz: Pichilemu  La Estrella  Litueche Marchigüe,Navidad, Paredones",1,multi_completo,Rancagua:6101; Codegua:6102; Coinco:6103; Coltauco:6104; Doñihue:6105; Graneros:6106; Las Cabras:6107; Machalí:6108; Malloa:6109; Mostazal:6110; Olivar:6111; Peumo:6112; Pichidegua:6113; Quinta de Tilcoco:6114; Rengo:6115; Requínoa:6116; San Vicente:6117; San Fernando:6301; Chépica:6302; Chimbarongo:6303; Lolol:6304; Nancagua:6305; Palmilla:6306; Peralillo:6307; Placilla:6308; Pumanque:6309; Santa Cruz:6310; Pichilemu:6201; La Estrella:6202; Litueche:6203; Marchigüe:6204; Navidad:6205; Paredones:6206,
VI,Comuna Rengo,1,match_fuzzy_alias,Rengo:6115,
VI,Pichidegua / Las Cabras / Coltauco,1,multi_completo,Pichidegua:6113; Las Cabras:6107; Coltauco:6104,
VI,"Malloa, San Vicente",1,multi_completo,Malloa:6109; San Vicente:6117,
VI,"Malloa, San Vicente de Tagua Tagua, Peumo, Las Cabras",1,multi_completo,Malloa:6109; San Vicente:6117; Peumo:6112; Las Cabras:6107,
VI,Por definir con Red de Activación Cultural Regional,1,bucket_regional,,"sin comuna específica → bucket ""Alcance regional"""
VI,"Rengo, Pichilemu",1,multi_completo,Rengo:6115; Pichilemu:6201,
VI,"Pichilemu,",1,match_directo,Pichilemu:6201,
VI,Vicente,1,sin_match,,
VI,"Litueche, La Estrella",1,multi_completo,Litueche:6203; La Estrella:6202,
VI,"Graneros, Rancagua",1,multi_completo,Graneros:6106; Rancagua:6101,
VI,"San Fernando, Lolol, Malloa, Navidad, Litueche, Santa Cruz, Paredones",1,multi_completo,San Fernando:6301; Lolol:6304; Malloa:6109; Navidad:6205; Litueche:6203; Santa Cruz:6310; Paredones:6206,
VI,"Litueche, Marchigüe, Lolol, Santa Cruz, Navidad, Pichilemu, La Estrella, Paredones, Pumanque, Peralillo, Palmilla, Chépica, Cabras y Pichidegua.",1,multi_completo,Litueche:6203; Marchigüe:6204; Lolol:6304; Santa Cruz:6310; Navidad:6205; Pichilemu:6201; La Estrella:6202; Paredones:6206; Pumanque:6309; Peralillo:6307; Palmilla:6306; Chépica:6302; Las Cabras:6107; Pichidegua:6113,
VI,"Malloa, San Fernando",1,multi_completo,Malloa:6109; San Fernando:6301,
VI,"Paredones, Marchigue, Lolol, Pumanque, San Fernando, Rancagua, Malloa, Santa Cruz, Lituche",1,multi_completo,Paredones:6206; Marchigüe:6204; Lolol:6304; Pumanque:6309; San Fernando:6301; Rancagua:6101; Malloa:6109; Santa Cruz:6310; Litueche:6203,
VI,"Requínoa, Rengo, Malloa, San Fernando",1,multi_completo,Requínoa:6116; Rengo:6115; Malloa:6109; San Fernando:6301,
VI,Por definir con autoridad regional,1,bucket_regional,,"sin comuna específica → bucket ""Alcance regional"""
VI,Chimbarongo / San Fernando,1,multi_completo,Chimbarongo:6303; San Fernando:6301,
VII,Maule,60,match_directo,Maule:7105,
VII,Talca,39,match_directo,Talca:7101,
VII,Curicó,27,match_directo,Curicó:7301,
VII,TALCA,18,match_directo,Talca:7101,
VII,Linares,15,match_directo,Linares:7401,
VII,Constitución,14,match_directo,Constitución:7102,
VII,Teno,13,match_directo,Teno:7308,
VII,San Javier,13,match_directo,San Javier:7406,
VII,San Clemente,12,match_directo,San Clemente:7109,
VII,Cauquenes,11,match_directo,Cauquenes:7201,
VII,CURICO,10,match_directo,Curicó:7301,
VII,LINARES,10,match_directo,Linares:7401,
VII,Parral,10,match_directo,Parral:7404,
VII,Chanco,9,match_directo,Chanco:7202,
VII,PARRAL,8,match_directo,Parral:7404,
VII,CONSTITUCION,8,match_directo,Constitución:7102,
VII,Pelluhue,8,match_directo,Pelluhue:7203,
VII,Río Claro,8,match_directo,Río Claro:7108,
VII,SAN CLEMENTE,8,match_directo,San Clemente:7109,
VII,Rauco,7,match_directo,Rauco:7305,
VII,CAUQUENES,7,match_directo,Cauquenes:7201,
VII,MOLINA,7,match_directo,Molina:7304,
VII,Molina,7,match_directo,Molina:7304,
VII,Retiro,7,match_directo,Retiro:7405,
VII,Longaví,6,match_directo,Longaví:7403,
VII,Curepto,6,match_directo,Curepto:7103,
VII,Sagrada Familia,6,match_directo,Sagrada Familia:7307,
VII,Vichuquén,5,match_directo,Vichuquén:7309,
VII,Hualañé,5,match_directo,Hualañé:7302,
VII,Pelarco,5,match_directo,Pelarco:7106,
VII,Licantén,5,match_directo,Licantén:7303,
VII,San Rafael,5,match_directo,San Rafael:7110,
VII,SAN JAVIER,4,match_directo,San Javier:7406,
VII,PELLUHUE,4,match_directo,Pelluhue:7203,
VII,CHANCO,4,match_directo,Chanco:7202,
VII,Pencahue,4,match_directo,Pencahue:7107,
VII,Colbún,4,match_directo,Colbún:7402,
VII,Yerbas Buenas,4,match_directo,Yerbas Buenas:7408,
VII,Empedrado,4,match_directo,Empedrado:7104,
VII,Romeral,4,match_directo,Romeral:7306,
VII,Villa Alegre,3,match_directo,Villa Alegre:7407,
VII,VICHUQUEN,3,match_directo,Vichuquén:7309,
VII,COLBUN,3,match_directo,Colbún:7402,
VII,MAULE,3,match_directo,Maule:7105,
VII,YERBAS BUENAS,2,match_directo,Yerbas Buenas:7408,
VII,"Linares, Curicó, Talca, Maule",2,multi_completo,Linares:7401; Curicó:7301; Talca:7101; Maule:7105,
VII,Villa alegre,2,match_directo,Villa Alegre:7407,
VII,LONGAVI,2,match_directo,Longaví:7403,
VII,"Curicó, Pelluhue, Cauquenes, San Javier",2,multi_completo,Curicó:7301; Pelluhue:7203; Cauquenes:7201; San Javier:7406,
VII,RETIRO,2,match_directo,Retiro:7405,
VII,EMPEDRADO,2,match_directo,Empedrado:7104,
VII,"Curicó, Cauquenes, Pelluhue, Chanco, Constitución, Empedrado, Pencahue, Curepto, Vichuquén, Licantén, Hualañé, Sagrada Familia, Molina, Parral, Retiro, Talca",2,multi_completo,Curicó:7301; Cauquenes:7201; Pelluhue:7203; Chanco:7202; Constitución:7102; Empedrado:7104; Pencahue:7107; Curepto:7103; Vichuquén:7309; Licantén:7303; Hualañé:7302; Sagrada Familia:7307; Molina:7304; Parral:7404; Retiro:7405; Talca:7101,
VII,San javier,2,match_directo,San Javier:7406,
VII,LICANTEN,2,match_directo,Licantén:7303,
VII,RIO CLARO,2,match_directo,Río Claro:7108,
VII,San rafael,2,match_directo,San Rafael:7110,
VII,PENCAHUE,1,match_directo,Pencahue:7107,
VII,"Curicó, Cauquenes, Constitución, Linares, Talca",1,multi_completo,Curicó:7301; Cauquenes:7201; Constitución:7102; Linares:7401; Talca:7101,
VII,"Río Claro, San Rafael, Pelarco, Talca, Maule, San Javier, Villa Alegre, Yerbas Buenas, Linares, Longaví, Retiro, Parral",1,multi_completo,Río Claro:7108; San Rafael:7110; Pelarco:7106; Talca:7101; Maule:7105; San Javier:7406; Villa Alegre:7407; Yerbas Buenas:7408; Linares:7401; Longaví:7403; Retiro:7405; Parral:7404,
VII,Sagrada familia,1,match_directo,Sagrada Familia:7307,
VII,"Villa Alegre, Parral, Talca, San Javier, Maule, Cauquenes",1,multi_completo,Villa Alegre:7407; Parral:7404; Talca:7101; San Javier:7406; Maule:7105; Cauquenes:7201,
VII,RAUCO,1,match_directo,Rauco:7305,
VII,SAGRADA FAMILIA,1,match_directo,Sagrada Familia:7307,
VII,"Talca, San Clemente, Maule, Pelarco, San Rafael, Villa Alegre, San Javier",1,multi_completo,Talca:7101; San Clemente:7109; Maule:7105; Pelarco:7106; San Rafael:7110; Villa Alegre:7407; San Javier:7406,
VII,"Constitución, Pencahue, Romeral, Curicó",1,multi_completo,Constitución:7102; Pencahue:7107; Romeral:7306; Curicó:7301,
VII,"Curepto, Pelarco",1,multi_completo,Curepto:7103; Pelarco:7106,
VII,"Vichuquén, Licantén",1,multi_completo,Vichuquén:7309; Licantén:7303,
VII,"Curicó, Linares, Talca",1,multi_completo,Curicó:7301; Linares:7401; Talca:7101,
VII,Yerbas buenas,1,match_directo,Yerbas Buenas:7408,
VII,"Curicó, Teno",1,multi_completo,Curicó:7301; Teno:7308,
VII,"Constitución, Talca",1,multi_completo,Constitución:7102; Talca:7101,
VII,ROMERAL,1,match_directo,Romeral:7306,
VII,"Cauquenes, Constitución, Parral",1,multi_completo,Cauquenes:7201; Constitución:7102; Parral:7404,
VII,TENO,1,match_directo,Teno:7308,
VII,CUREPTO,1,match_directo,Curepto:7103,
VII,"Río Claro, Talca",1,multi_completo,Río Claro:7108; Talca:7101,
VII,PELARCO,1,match_directo,Pelarco:7106,
VII,"Linares, Curicó, Talca",1,multi_completo,Linares:7401; Curicó:7301; Talca:7101,
VII,San clemente,1,match_directo,San Clemente:7109,
VII,"Río Claro, Linares, Molina",1,multi_completo,Río Claro:7108; Linares:7401; Molina:7304,
VIII,CONCEPCIÓN,48,match_directo,Concepción:8101,
VIII,LOS ÁNGELES,43,match_directo,Los Angeles:8301,
VIII,Los Angeles,43,match_directo,Los Angeles:8301,
VIII,Concepcion,41,match_directo,Concepción:8101,
VIII,Talcahuano,36,match_directo,Talcahuano:8110,
VIII,Arauco,28,match_directo,Arauco:8202,
VIII,CORONEL,23,match_directo,Coronel:8102,
VIII,San Pedro De La Paz,22,match_directo,San Pedro de la Paz:8108,
VIII,Tome,21,match_directo,Tomé:8111,
VIII,Lebu,21,match_directo,Lebu:8201,
VIII,Hualpen,21,match_directo,Hualpén:8112,
VIII,Lota,19,match_directo,Lota:8106,
VIII,Coronel,18,match_directo,Coronel:8102,
VIII,Chiguayante,17,match_directo,Chiguayante:8103,
VIII,Penco,17,match_directo,Penco:8107,
VIII,Región del Biobío,15,bucket_regional,,"sin comuna específica → bucket ""Alcance regional"""
VIII,Cañete,15,match_directo,Cañete:8203,
VIII,HUALPÉN,15,match_directo,Hualpén:8112,
VIII,Regional,14,bucket_regional,,"sin comuna específica → bucket ""Alcance regional"""
VIII,Concepción,13,match_directo,Concepción:8101,
VIII,CHIGUAYANTE,13,match_directo,Chiguayante:8103,
VIII,TALCAHUANO,12,match_directo,Talcahuano:8110,
VIII,SAN PEDRO DE LA PAZ,10,match_directo,San Pedro de la Paz:8108,
VIII,Santa Juana,10,match_directo,Santa Juana:8109,
VIII,Cabrero,10,match_directo,Cabrero:8303,
VIII,Hualqui,10,match_directo,Hualqui:8105,
VIII,Curanilahue,10,match_directo,Curanilahue:8205,
VIII,Yumbel,10,match_directo,Yumbel:8313,
VIII,Los Alamos,9,match_directo,Los Alamos:8206,
VIII,ARAUCO,9,match_directo,Arauco:8202,
VIII,SANTA BÁRBARA,9,match_directo,Santa Bárbara:8311,
VIII,San Rosendo,9,match_directo,San Rosendo:8310,
VIII,Florida,9,match_directo,Florida:8104,
VIII,CURANILAHUE,9,match_directo,Curanilahue:8205,
VIII,CAÑETE,9,match_directo,Cañete:8203,
VIII,Laja,9,match_directo,Laja:8304,
VIII,LEBU,8,match_directo,Lebu:8201,
VIII,Tirua,8,match_directo,Tirúa:8207,
VIII,Mulchen,8,match_directo,Mulchén:8305,
VIII,Tomé,7,match_directo,Tomé:8111,
VIII,Tucapel,7,match_directo,Tucapel:8312,
VIII,Alto Biobio,7,match_directo,Alto Biobío:8314,
VIII,Contulmo,7,match_directo,Contulmo:8204,
VIII,TOMÉ,7,match_directo,Tomé:8111,
VIII,Santa Barbara,7,match_directo,Santa Bárbara:8311,
VIII,YUMBEL,7,match_directo,Yumbel:8313,
VIII,LOS ÁLAMOS,5,match_directo,Los Alamos:8206,
VIII,TUCAPEL,5,match_directo,Tucapel:8312,
VIII,LOTA,5,match_directo,Lota:8106,
VIII,Nacimiento,5,match_directo,Nacimiento:8306,
VIII,Negrete,5,match_directo,Negrete:8307,
VIII,Quilleco,4,match_directo,Quilleco:8309,
VIII,Region Biobio,4,bucket_regional,,"sin comuna específica → bucket ""Alcance regional"""
VIII,CONCEPCION,4,match_directo,Concepción:8101,
VIII,CABRERO,4,match_directo,Cabrero:8303,
VIII,San Pedro de la Paz,4,match_directo,San Pedro de la Paz:8108,
VIII,Tirúa,4,match_directo,Tirúa:8207,
VIII,Antuco,4,match_directo,Antuco:8302,
VIII,Los Álamos,3,match_directo,Los Alamos:8206,
VIII,Mulchén,3,match_directo,Mulchén:8305,
VIII,SANTA JUANA,3,match_directo,Santa Juana:8109,
VIII,Alto Biobío,3,match_directo,Alto Biobío:8314,
VIII,HUALQUI,3,match_directo,Hualqui:8105,
VIII,ANTUCO,2,match_directo,Antuco:8302,
VIII,Los Ángeles,2,match_directo,Los Angeles:8301,
VIII,Hualpén,2,match_directo,Hualpén:8112,
VIII,TIRÚA,2,match_directo,Tirúa:8207,
VIII,LAJA,2,match_directo,Laja:8304,
VIII,LOS ANGELES,2,match_directo,Los Angeles:8301,
VIII,NEGRETE,2,match_directo,Negrete:8307,
VIII,MULCHÉN,2,match_directo,Mulchén:8305,
VIII,Provincia Concepcion,2,bucket_regional,,"sin comuna específica → bucket ""Alcance regional"""
VIII,Arauco;Biobío,2,multi_completo,Arauco:8202,"""Biobío"" es provincia/agrupación"
VIII,Quilaco,2,match_directo,Quilaco:8308,
VIII,PENCO,2,match_directo,Penco:8107,
VIII,HUALPEN,2,match_directo,Hualpén:8112,
VIII,ALTO BIOBÍO,2,match_directo,Alto Biobío:8314,
VIII,SAN ROSENDO,1,match_directo,San Rosendo:8310,
VIII,San pedro de la Paz,1,match_directo,San Pedro de la Paz:8108,
VIII,Contulmo;Lebu;Curanilahue;Arauco;Florida;Mulchén;San Pedro de la Paz;Talcahuano;Concepción;Chiguayante;Hualpén;Tomé;Santa Juana;Los Ángeles;Quilaco;Yumbel;Tucapel;Nacimiento;Cabrero;Santa Bárbara;Alto Biobío,1,multi_completo,Contulmo:8204; Lebu:8201; Curanilahue:8205; Arauco:8202; Florida:8104; Mulchén:8305; San Pedro de la Paz:8108; Talcahuano:8110; Concepción:8101; Chiguayante:8103; Hualpén:8112; Tomé:8111; Santa Juana:8109; Los Angeles:8301; Quilaco:8308; Yumbel:8313; Tucapel:8312; Nacimiento:8306; Cabrero:8303; Santa Bárbara:8311; Alto Biobío:8314,
VIII,Biobío;Ñuble,1,bucket_regional,,"""Biobío"" es provincia/agrupación; ""Ñuble"" es provincia/agrupación"
VIII,San Pedro de La Paz,1,match_directo,San Pedro de la Paz:8108,
VIII,CONTULMO,1,match_directo,Contulmo:8204,
VIII,Provincia Biobío,1,bucket_regional,,"sin comuna específica → bucket ""Alcance regional"""
VIII,Cobertura regional: comunas del Biobío informadas en correo de nivel central,1,bucket_regional,,"incluye ""regional"""
VIII,"Región del Biobío, a través de red OMIL y plataformas territoriales",1,bucket_regional,,"sin comuna específica → bucket ""Alcance regional"""
VIII,Antuco;Cabrero;Laja;Nacimiento;Los Ángeles;Tucapel;Santa Bárbara;Yumbel;Coronel;Lota;Penco;Tomé;San Pedro de la Paz;Chiguayante;Concepción;Hualpén;Talcahuano;Hualqui;Arauco;Curanilahue;Lebu;Los Álamos;Tirúa,1,multi_completo,Antuco:8302; Cabrero:8303; Laja:8304; Nacimiento:8306; Los Angeles:8301; Tucapel:8312; Santa Bárbara:8311; Yumbel:8313; Coronel:8102; Lota:8106; Penco:8107; Tomé:8111; San Pedro de la Paz:8108; Chiguayante:8103; Concepción:8101; Hualpén:8112; Talcahuano:8110; Hualqui:8105; Arauco:8202; Curanilahue:8205; Lebu:8201; Los Alamos:8206; Tirúa:8207,
VIII,San Pedro de la Paz;Coronel,1,multi_completo,San Pedro de la Paz:8108; Coronel:8102,
VIII,Arauco;Lebu;Cañete;Curanilahue;Los Álamos;Tirúa;Contulmo,1,multi_completo,Arauco:8202; Lebu:8201; Cañete:8203; Curanilahue:8205; Los Alamos:8206; Tirúa:8207; Contulmo:8204,
VIII,"Región del Biobío, según requerimientos empresariales levantados",1,bucket_regional,,"sin comuna específica → bucket ""Alcance regional"""
VIII,MULCHEN,1,match_directo,Mulchén:8305,
VIII,NACIMIENTO,1,match_directo,Nacimiento:8306,
VIII,Concepción;Talcahuano;Coronel;Hualpén;Chiguayante;Lota;Tomé;Hualqui;San Pedro de la Paz;Penco,1,multi_completo,Concepción:8101; Talcahuano:8110; Coronel:8102; Hualpén:8112; Chiguayante:8103; Lota:8106; Tomé:8111; Hualqui:8105; San Pedro de la Paz:8108; Penco:8107,
VIII,Los Ángeles;Coronel;Lota,1,multi_completo,Los Angeles:8301; Coronel:8102; Lota:8106,
VIII,Provincia de Arauco,1,bucket_regional,,"sin comuna específica → bucket ""Alcance regional"""
VIII,Santa Bárbara,1,match_directo,Santa Bárbara:8311,
VIII,Alto Biobío;Arauco;Cabrero;Cañete;Chiguayante;Concepción;Contulmo;Coronel;Curanilahue;Florida;Hualpén;Lebu;Los Ángeles;Mulchén;Nacimiento;Quilaco;San Pedro de la Paz;Santa Bárbara Santa Juana;Talcahuano;Tomé;Tucapel;Yumbel,1,multi_completo,Alto Biobío:8314; Arauco:8202; Cabrero:8303; Cañete:8203; Chiguayante:8103; Concepción:8101; Contulmo:8204; Coronel:8102; Curanilahue:8205; Florida:8104; Hualpén:8112; Lebu:8201; Los Angeles:8301; Mulchén:8305; Nacimiento:8306; Quilaco:8308; San Pedro de la Paz:8108; Santa Bárbara:8311; Santa Juana:8109; Talcahuano:8110; Tomé:8111; Tucapel:8312; Yumbel:8313,
VIII,Sin información comunal consolidada;cobertura proyectada regional,1,bucket_regional,,"sin comuna específica → bucket ""Alcance regional"""
VIII,Coronel;Lota;Santa Bárbara,1,multi_completo,Coronel:8102; Lota:8106; Santa Bárbara:8311,
VIII,Talcahuano;San Vicente;Penco,1,multi_completo,Talcahuano:8110; San Vicente:6117; Penco:8107,San Vicente: OTRA REGIÓN (codregion 6)
VIII,Concepción- Hualpen,1,multi_completo,Concepción:8101; Hualpén:8112,
VIII,STA BAARBARA,1,match_fuzzy_alias,Santa Bárbara:8311,
VIII,Concepción- Talcahuano,1,multi_completo,Concepción:8101; Talcahuano:8110,
VIII,FLORIDA,1,match_directo,Florida:8104,
VIII,Curanilahue;Nacimiento,1,multi_completo,Curanilahue:8205; Nacimiento:8306,
VIII,Tomé y Concepción,1,multi_completo,Tomé:8111; Concepción:8101,
X,Puerto Montt,12,match_directo,Puerto Montt:10101,
X,Castro,5,match_directo,Castro:10201,
X,Osorno,5,match_directo,Osorno:10301,
X,Chiloé;Palena,4,multi_completo,Palena:10404,"""Chiloé"" es provincia/agrupación"
X,Puerto Varas,4,match_directo,Puerto Varas:10109,
X,Hualaihue,2,match_directo,Hualaihué:10403,
X,Ancud,2,match_directo,Ancud:10202,
X,Cochamo,2,match_directo,Cochamó:10103,
X,Puerto Montt;Osorno,2,multi_completo,Puerto Montt:10101; Osorno:10301,
X,Puyehue,2,match_directo,Puyehue:10304,
X,Chiloé,2,bucket_regional,,provincia/agrupación → bucket
X,Quellon,2,match_directo,Quellón:10208,
X,Puqueldon,1,match_directo,Puqueldón:10206,
X,Dalcahue,1,match_directo,Dalcahue:10205,
X,San Juan De La Costa,1,match_directo,San Juan de la Costa:10306,
X,Palena;Cochamó;Futaleufú;Hualaihué,1,multi_completo,Palena:10404; Cochamó:10103; Futaleufú:10402; Hualaihué:10403,
X,Palena;Hualaihué,1,multi_completo,Palena:10404; Hualaihué:10403,
X,Puerto Montt;Osorno;Castro,1,multi_completo,Puerto Montt:10101; Osorno:10301; Castro:10201,
X,Calbuco,1,match_directo,Calbuco:10102,
X,San Juan De La Costa;Río Negro;Fresia;Los Muermos;Maullín,1,multi_completo,San Juan de la Costa:10306; Río Negro:10305; Fresia:10104; Los Muermos:10106; Maullín:10108,
X,Ancud;Castro;Chonchi,1,multi_completo,Ancud:10202; Castro:10201; Chonchi:10203,
X,Palena;Futaleufú,1,multi_completo,Palena:10404; Futaleufú:10402,
X,San Pablo,1,match_directo,San Pablo:10307,
X,Llanquihue,1,match_directo,Llanquihue:10107,
X,Palena,1,match_directo,Palena:10404,
X,Maullin,1,match_directo,Maullín:10108,
X,Chonchi,1,match_directo,Chonchi:10203,
X,Ancud;Los Muermos,1,multi_completo,Ancud:10202; Los Muermos:10106,
X,Chiloé;Palena;Osorno,1,multi_completo,Palena:10404; Osorno:10301,"""Chiloé"" es provincia/agrupación"
X,Curaco De Velez,1,match_directo,Curaco de Vélez:10204,
X,Los Muermos,1,match_directo,Los Muermos:10106,
XI,Coyhaique,49,match_directo,Coyhaique:11101,
XI,Regional,29,bucket_regional,,"sin comuna específica → bucket ""Alcance regional"""
XI,Aysen,25,match_directo,Aysén:11201,
XI,Cisnes,19,match_directo,Cisnes:11202,
XI,Cochrane,11,match_directo,Cochrane:11301,
XI,Chile Chico,11,match_directo,Chile Chico:11401,
XI,Rio Ibañez,8,match_directo,Río Ibáñez:11402,
XI,Lago Verde,7,match_directo,Lago Verde:11102,
XI,Aysén,5,match_directo,Aysén:11201,
XI,Río Ibáñez,4,match_directo,Río Ibáñez:11402,
XI,O'Higgins,3,match_directo,O'Higgins:11302,
XI,Tortel / Guaitecas,3,multi_completo,Tortel:11303; Guaitecas:11203,
XI,Ohiggins,2,match_fuzzy_alias,O'Higgins:11302,
XI,Tortel,2,match_directo,Tortel:11303,
XI,Guaitecas,2,match_directo,Guaitecas:11203,
XI,Guaitecas / Cisnes,1,multi_completo,Guaitecas:11203; Cisnes:11202,
XI,Cisnes / Cochrane,1,multi_completo,Cisnes:11202; Cochrane:11301,
XI,Coyhaique / Chile Chico,1,multi_completo,Coyhaique:11101; Chile Chico:11401,
XI,Tortel / O'Higgins / Guaitecas,1,multi_completo,Tortel:11303; O'Higgins:11302; Guaitecas:11203,
XI,Cisnes / Cochrane / O'Higgins,1,multi_completo,Cisnes:11202; Cochrane:11301; O'Higgins:11302,
XI,Lago Verde / Coyhaique / Chile Chico,1,multi_completo,Lago Verde:11102; Coyhaique:11101; Chile Chico:11401,
XII,Punta Arenas,110,match_directo,Punta Arenas:12101,
XII,Regional,46,bucket_regional,,"sin comuna específica → bucket ""Alcance regional"""
XII,Natales,33,match_directo,Natales:12401,
XII,Porvenir,15,match_directo,Porvenir:12301,
XII,Cabo De Hornos,11,match_directo,Cabo de Hornos:12201,
XII,Cabo de Hornos,7,match_directo,Cabo de Hornos:12201,
XII,Rio Verde,5,match_directo,Río Verde:12103,
XII,Timaukel,5,match_directo,Timaukel:12303,
XII,Primavera,5,match_directo,Primavera:12302,
XII,Laguna Blanca,3,match_directo,Laguna Blanca:12102,
XII,Torres Del Paine,3,match_directo,Torres del Paine:12402,
XII,Antártica,2,match_fuzzy_alias,Cabo de Hornos:12201,
XII,Antartica,2,match_fuzzy_alias,Cabo de Hornos:12201,
XII,Regional;Antártica,2,multi_completo,Cabo de Hornos:12201,"incluye ""regional"""
XII,San Gregorio,2,match_directo,San Gregorio:12104,
XII,Timaukel;Laguna Blanca;San Gregorio,1,multi_completo,Timaukel:12303; Laguna Blanca:12102; San Gregorio:12104,
XII,Distintas zonas extremas,1,bucket_regional,,"sin comuna específica → bucket ""Alcance regional"""
XII,Primavera;Río Verde;Regional,1,multi_completo,Primavera:12302; Río Verde:12103,"incluye ""regional"""
XII,Timaukel;Primavera;San Gregorio;Río Verde,1,multi_completo,Timaukel:12303; Primavera:12302; San Gregorio:12104; Río Verde:12103,
XII,Punta Arenas;Natales,1,multi_completo,Punta Arenas:12101; Natales:12401,
XII,Última Esperanza,1,bucket_regional,,provincia/agrupación → bucket
XII,Punta Arenas;Porvenir,1,multi_completo,Punta Arenas:12101; Porvenir:12301,
XII,Tierra del Fuego,1,bucket_regional,,provincia/agrupación → bucket
XII,Natales-Laguna Blanca,1,multi_completo,Natales:12401; Laguna Blanca:12102,
XII,Natales;Cabo de Hornos;Porvenir;Punta Arenas,1,multi_completo,Natales:12401; Cabo de Hornos:12201; Porvenir:12301; Punta Arenas:12101,
XIV,Regional,41,bucket_regional,,"sin comuna específica → bucket ""Alcance regional"""
XIV,Valdivia,33,match_directo,Valdivia:14101,
XIV,Río Bueno,23,match_directo,Río Bueno:14204,
XIV,La Unión,17,match_directo,La Unión:14201,
XIV,Mariquina,16,match_directo,Mariquina:14106,
XIV,Paillaco,11,match_directo,Paillaco:14107,
XIV,Lanco,10,match_directo,Lanco:14103,
XIV,Panguipulli,8,match_directo,Panguipulli:14108,
XIV,Lago Ranco,7,match_directo,Lago Ranco:14203,
XIV,Los Lagos,6,match_directo,Los Lagos:14104,
XIV,Corral,4,match_directo,Corral:14102,
XIV,Máfil,4,match_directo,Máfil:14105,
XIV,Toda la Región,3,bucket_regional,,"sin comuna específica → bucket ""Alcance regional"""
XIV,Paillaco;La Unión,2,multi_completo,Paillaco:14107; La Unión:14201,
XIV,Futrono,2,match_directo,Futrono:14202,
XIV,Valdivia;Panguipulli;La Unión;Río Bueno;Paillaco;Los Lagos;San José de la Mariquina,1,multi_completo,Valdivia:14101; Panguipulli:14108; La Unión:14201; Río Bueno:14204; Paillaco:14107; Los Lagos:14104; Mariquina:14106,
XIV,Panguipulli -los Lagos,1,multi_completo,Panguipulli:14108; Los Lagos:14104,
XIV,Liquiñe,1,match_fuzzy_alias,Panguipulli:14108,
XIV,Panguipulli;Corral,1,multi_completo,Panguipulli:14108; Corral:14102,
XIV,Prov del Ranco,1,bucket_regional,,"sin comuna específica → bucket ""Alcance regional"""
XIV,Provincial,1,bucket_regional,,"sin comuna específica → bucket ""Alcance regional"""
XIV,Prov. del Ranco,1,bucket_regional,,"sin comuna específica → bucket ""Alcance regional"""
XIV,San Jose de la Mariquina,1,match_fuzzy_alias,Mariquina:14106,
XIV,Prov. Valdivia,1,bucket_regional,,"sin comuna específica → bucket ""Alcance regional"""
XIV,Palo Muerto – los Liles;Corral,1,multi_completo,Corral:14102; Corral:14102,
XIV,Paillaco-mariquina,1,multi_completo,Paillaco:14107; Mariquina:14106,
XIV,Todas las Comunas de la Región de los Ríos,1,bucket_regional,,"sin comuna específica → bucket ""Alcance regional"""
XIV,Los Lagos Río Bueno la Unión,1,multi_completo,Los Lagos:14104; Río Bueno:14204; La Unión:14201,
XIV,Los Lagos- Futrono,1,multi_completo,Los Lagos:14104; Futrono:14202,
XIV,Máfil -los Lagos,1,multi_completo,Máfil:14105; Los Lagos:14104,
XV,Arica,49,match_directo,Arica:15101,
XV,Putre,1,match_directo,Putre:15201,
XV,General Lagos,1,match_directo,General Lagos:15202,
XV,Camarones,1,match_directo,Camarones:15102,
XVI,Chillan - Region Del Ñuble,31,match_fuzzy_alias,Chillán:16101,
XVI,Chillán,22,match_directo,Chillán:16101,
XVI,San Carlos,15,match_directo,San Carlos:16301,
XVI,San Ignacio - Region Del Ñuble,11,match_fuzzy_alias,San Ignacio:16108,
XVI,Chillán Viejo,10,match_directo,Chillán Viejo:16103,
XVI,Ninhue - Region Del Ñuble,9,match_fuzzy_alias,Ninhue:16204,
XVI,Trehuaco,8,match_fuzzy_alias,Treguaco:16207,fuzzy
XVI,Pinto,7,match_directo,Pinto:16106,
XVI,San Ignacio,7,match_directo,San Ignacio:16108,
XVI,Bulnes,6,match_directo,Bulnes:16102,
XVI,Coihueco,6,match_directo,Coihueco:16302,
XVI,Yungay,6,match_directo,Yungay:16109,
XVI,Chillan Viejo - Region Del Ñuble,6,match_fuzzy_alias,Chillán Viejo:16103,
XVI,Regional,6,bucket_regional,,"sin comuna específica → bucket ""Alcance regional"""
XVI,Quirihue,6,match_directo,Quirihue:16201,
XVI,Pinto - Region Del Ñuble,5,match_fuzzy_alias,Pinto:16106,
XVI,Cobquecura,5,match_directo,Cobquecura:16202,
XVI,San Nicolás,5,match_directo,San Nicolás:16305,
XVI,Ranquil - Region Del Ñuble,5,match_fuzzy_alias,Ranquil:16206,
XVI,Coihueco - Region Del Ñuble,5,match_fuzzy_alias,Coihueco:16302,
XVI,Comuna de Chillán,5,match_fuzzy_alias,Chillán:16101,
XVI,Ñiquén,5,match_directo,Ñiquén:16303,
XVI,Ninhue,4,match_directo,Ninhue:16204,
XVI,San Nicolas - Region Del Ñuble,4,match_fuzzy_alias,San Nicolás:16305,
XVI,Quillón,4,match_directo,Quillón:16107,
XVI,San Carlos - Region Del Ñuble,4,match_fuzzy_alias,San Carlos:16301,
XVI,San Fabian - Region Del Ñuble,4,match_fuzzy_alias,San Fabián:16304,
XVI,Portezuelo - Region Del Ñuble,4,match_fuzzy_alias,Portezuelo:16205,
XVI,Yungay - Region Del Ñuble,4,match_fuzzy_alias,Yungay:16109,
XVI,Bulnes - Region Del Ñuble,3,match_fuzzy_alias,Bulnes:16102,
XVI,21 Comunas de Ñuble,3,bucket_regional,,"sin comuna específica → bucket ""Alcance regional"""
XVI,El Carmen,3,match_directo,El Carmen:16104,
XVI,Regional (21 comunas de Ñuble),3,bucket_regional,,"sin comuna específica → bucket ""Alcance regional"""
XVI,Coelemu - Region Del Ñuble,3,match_fuzzy_alias,Coelemu:16203,
XVI,El Carmen - Region Del Ñuble,3,match_fuzzy_alias,El Carmen:16104,
XVI,Cobquecura - Region Del Ñuble,3,match_fuzzy_alias,Cobquecura:16202,
XVI,Niquen - Region Del Ñuble,2,match_fuzzy_alias,Ñiquén:16303,
XVI,Comuna de San Carlos,2,match_fuzzy_alias,San Carlos:16301,
XVI,Comuna de Chillán y Región,2,match_fuzzy_alias,Chillán:16101,
XVI,Comuna de Chillán y Chillán Viejo,2,multi_completo,Chillán:16101; Chillán Viejo:16103,
XVI,Coelemu,2,match_directo,Coelemu:16203,
XVI,San Fabián,2,match_directo,San Fabián:16304,
XVI,Quirihue - Region Del Ñuble,2,match_fuzzy_alias,Quirihue:16201,
XVI,Pemuco,2,match_directo,Pemuco:16105,
XVI,Zona de Rezago Cordillerana,2,bucket_regional,,"sin comuna específica → bucket ""Alcance regional"""
XVI,Quillon - Region Del Ñuble,2,match_fuzzy_alias,Quillón:16107,
XVI,"Regional, 21 Comunas",2,bucket_regional,,"sin comuna específica → bucket ""Alcance regional"""
XVI,Chillan,1,match_directo,Chillán:16101,
XVI,Penco,1,match_directo,Penco:8107,OTRA REGIÓN (codregion 8)
XVI,"Comuna de Bulnes, Chillán y San Carlos",1,multi_completo,Bulnes:16102; Chillán:16101; San Carlos:16301,
XVI,Pemuco - Region Del Ñuble,1,match_fuzzy_alias,Pemuco:16105,
XVI,Portezuelo,1,match_directo,Portezuelo:16205,
XVI,Chillán;Chillán Viejo;Quillón;San Nicolás;San Ignacio;Yungay;Bulnes;Ñiquén;San Carlos;Quirihue;Cobquecura;Coelemu;El Carmen,1,multi_completo,Chillán:16101; Chillán Viejo:16103; Quillón:16107; San Nicolás:16305; San Ignacio:16108; Yungay:16109; Bulnes:16102; Ñiquén:16303; San Carlos:16301; Quirihue:16201; Cobquecura:16202; Coelemu:16203; El Carmen:16104,
XVI,Bulnes - Chillán - Chillán Viejo -Cobquecura - Coihueco - El Carmen - Ninhue - Ñiquén - Pemuco -Quillón - Quirihue - Ránquil - San Carlos - San Nicolás - Yungay,1,multi_completo,Bulnes:16102; Chillán:16101; Chillán Viejo:16103; Cobquecura:16202; Coihueco:16302; El Carmen:16104; Ninhue:16204; Ñiquén:16303; Pemuco:16105; Quillón:16107; Quirihue:16201; Ranquil:16206; San Carlos:16301; San Nicolás:16305; Yungay:16109,
XVI,Comuna de Chillán Viejo y San Carlos.,1,multi_completo,Chillán Viejo:16103; San Carlos:16301,
XVI,Ninhue - San Carlos,1,multi_completo,Ninhue:16204; San Carlos:16301,
XVI,Chillán - Chillán Viejo - Cobquecura - Ninhue - Quillón - Ránquil - San Ignacio - San Nicolás - Yungay,1,multi_completo,Chillán:16101; Chillán Viejo:16103; Cobquecura:16202; Ninhue:16204; Quillón:16107; Ranquil:16206; San Ignacio:16108; San Nicolás:16305; Yungay:16109,
XVI,San Carlos - Coihueco - Pinto - Portezuelo - Chillán,1,multi_completo,San Carlos:16301; Coihueco:16302; Pinto:16106; Portezuelo:16205; Chillán:16101,
XVI,"CComunas de El Carmen, San Ignacio y Pinto",1,multi_completo,El Carmen:16104; San Ignacio:16108; Pinto:16106,
XVI,San Carlos-Ñiquén,1,multi_completo,San Carlos:16301; Ñiquén:16303,
XVI,Ranquil - Coelemu,1,multi_completo,Ranquil:16206; Coelemu:16203,
XVI,Chillán - Chillán Viejo,1,multi_completo,Chillán:16101; Chillán Viejo:16103,
XVI,comuna de Coihueco y Pinto,1,multi_completo,Coihueco:16302; Pinto:16106,
XVI,"Cobquecura, Coihueco, Pinto, San Nicolás y Bulnes.",1,multi_completo,Cobquecura:16202; Coihueco:16302; Pinto:16106; San Nicolás:16305; Bulnes:16102,
XVI,Cobquecura - Coelemu - Coihueco - El Carmen - Pemuco - Portezuelo - Quillón - Quirihue - Ránquil - San Carlos - San Ignacio - San Nicolas - Yungay,1,multi_completo,Cobquecura:16202; Coelemu:16203; Coihueco:16302; El Carmen:16104; Pemuco:16105; Portezuelo:16205; Quillón:16107; Quirihue:16201; Ranquil:16206; San Carlos:16301; San Ignacio:16108; San Nicolás:16305; Yungay:16109,
XVI,Comuna de Coiheco y San Fabián,1,multi_completo,Coihueco:16302; San Fabián:16304,
XVI,Comuna Quirihue,1,match_fuzzy_alias,Quirihue:16201,
XVI,Chilán,1,match_fuzzy_alias,Chillán:16101,
XVI,Chillán-Coihueco,1,multi_completo,Chillán:16101; Coihueco:16302,
XVI,Comuna Pinto,1,match_fuzzy_alias,Pinto:16106,
XVI,"Comuna de Chillán, Bulnes, Chillán Viejo, San Ignacio y Yungay.",1,multi_completo,Chillán:16101; Bulnes:16102; Chillán Viejo:16103; San Ignacio:16108; Yungay:16109,
XVI,Comunas de San Fabián y Coihueco,1,multi_completo,San Fabián:16304; Coihueco:16302,
XVI,"Cobquecura, Dichato",1,multi_completo,Cobquecura:16202; Tomé:8111,Dichato: OTRA REGIÓN (codregion 8)
XVI,Chillán y Chillán Viejo,1,multi_completo,Chillán:16101; Chillán Viejo:16103,
XVI,Bulnes - Chillán - Cobquecura - Coelemu - El Carmen - Ñiquén - Pemuco -Quillón - Quirihue - Ránquil - San Ignacio - San Nicolás - Yungay,1,multi_completo,Bulnes:16102; Chillán:16101; Cobquecura:16202; Coelemu:16203; El Carmen:16104; Ñiquén:16303; Pemuco:16105; Quillón:16107; Quirihue:16201; Ranquil:16206; San Ignacio:16108; San Nicolás:16305; Yungay:16109,
XVI,Bulnes - San Ignacio,1,multi_completo,Bulnes:16102; San Ignacio:16108,
XVI,Regional (Ñuble y Biobío),1,bucket_regional,,"sin comuna específica → bucket ""Alcance regional"""
XVI,Comuna de Ninhue y Portezuelo,1,multi_completo,Ninhue:16204; Portezuelo:16205,
XVI,"Ñiquén, San Carlos, San Nicolás, Chillán, Chillán Viejo (y otras comunas de Maule)",1,multi_completo,Ñiquén:16303; San Carlos:16301; San Nicolás:16305; Chillán:16101; Chillán Viejo:16103,
XVI,Comuna,1,bucket_regional,,"sin comuna específica → bucket ""Alcance regional"""
XVI,Comuna de Coelemu,1,match_fuzzy_alias,Coelemu:16203,
XVI,Treguaco - Region Del Ñuble,1,match_fuzzy_alias,Treguaco:16207,fuzzy
XVI,Comuna de San Ignacio y El Carmen,1,multi_completo,San Ignacio:16108; El Carmen:16104,
XVI,Comuna de Ñiquén,1,match_fuzzy_alias,Ñiquén:16303,
XVI,"Diversas Comunas de Ñuble, dependerá de la demanda Municipal",1,bucket_regional,,"sin comuna específica → bucket ""Alcance regional"""
XVI,Comuna de San Nicolás,1,match_fuzzy_alias,San Nicolás:16305,
XVI,Comuna de Chillán y San Carlos.,1,multi_completo,Chillán:16101; San Carlos:16301,
XVI,Trehuaco - Region Del Ñuble,1,match_fuzzy_alias,Treguaco:16207,fuzzy
XVI,"Comuna de San Carlos, Chillán y San Fabián",1,multi_completo,San Carlos:16301; Chillán:16101; San Fabián:16304,
XVI,16 comunas de la región (cobertura territorial amplia).,1,bucket_regional,,"sin comuna específica → bucket ""Alcance regional"""
XVI,Comuna de San Carlos y Ñiquén,1,multi_completo,San Carlos:16301; Ñiquén:16303,
XVI,Bulnes;Chillán;Chillán Viejo;Coihueco;El Carmen;Ñiquén;Pemuco;Pinto;Quillón;San Carlos;San Ignacio;San Nicolás;Yungay,1,multi_completo,Bulnes:16102; Chillán:16101; Chillán Viejo:16103; Coihueco:16302; El Carmen:16104; Ñiquén:16303; Pemuco:16105; Pinto:16106; Quillón:16107; San Carlos:16301; San Ignacio:16108; San Nicolás:16305; Yungay:16109,
XVI,"Comunas de El Carmen, Pinto y San Ignacio",1,multi_completo,El Carmen:16104; Pinto:16106; San Ignacio:16108,
XVI,Comuna de El Carmen,1,match_fuzzy_alias,El Carmen:16104,
XVI,Comuna de Ránquil,1,match_fuzzy_alias,Ranquil:16206,
XVI,Comuna de San Ignacio,1,match_fuzzy_alias,San Ignacio:16108,
XVI,Ranquil,1,match_directo,Ranquil:16206,
XVI,Chillán;Chillán Viejo;Quillón;San Carlos;Pinto;Coihueco;Cobquecura,1,multi_completo,Chillán:16101; Chillán Viejo:16103; Quillón:16107; San Carlos:16301; Pinto:16106; Coihueco:16302; Cobquecura:16202,
XVI,"Quirihue, coelemu, trehuaco",1,multi_completo,Quirihue:16201; Coelemu:16203; Treguaco:16207,trehuaco: fuzzy
